pascal1414.github.io,20220511,0c4b2f0ce5f286385010c660b920c675a6acba53,Pascal Rieder
pascal1414.github.io,20220511,6b970d96e9889d6368e219d8c6fbcad926402bd5,Pascal Rieder
pascal1414.github.io,20220511,997846468073a1e8fd92973cdc199bb3bc7cca56,Pascal Rieder
pascal1414.github.io,20220511,d0e6386d1a854326cd6ed4d2ce62e1eab2dc1b3d,Pascal Rieder
pascal1414.github.io,20220511,b81a049aeae3edb4d49bf3a81a141772a03fc562,Pascal Rieder
pascal1414.github.io,20220511,fe5cd173ded80acf311a6cae147d69ce6d7b9d2d,Pascal Rieder
pascal1414.github.io,20220510,bf478e40c7823fd984fb0aad90bf237788ef9699,Pascal Rieder
pascal1414.github.io,20220510,2af3180899f5cd17f9cd04c725a86c791dc346eb,Pascal Rieder
pascal1414.github.io,20220510,91a5c5263e44977862f641bda83874551125e17e,Pascal Rieder
pascal1414.github.io,20220422,e54d0692ea66b0a9eb520034e3e560171622e013,Pascal Rieder
pascal1414.github.io,20220422,d74c6308f5a106e30704220e9da95b9fea64fa22,Pascal Rieder